INSERT INTO [Producto] ([pro_id],[pro_entidad],[pro_codigo],[pro_nombre],[pro_descripcion],[pro_activado],[pro_fechabaja],[pro_actualizar],[pro_tramostemporales],[pro_deudaencuotas],[pro_formulaimputacion],[pro_unificagastos]) VALUES ('9B0F1C76-4020-4004-B4E1-FD8BC6C70FAD','A3775B33-965B-422A-A52F-60A4AFA0C5CB','RAMOS-GRAL','RAMOS-GRAL',	'PRODUCTO GENERAL DE ENTIDAD RAMOS',1, '1753-01-01 00:00:00.000',0,1,0,'G100:H20:C100:I100',0);
INSERT INTO [Producto] ([pro_id],[pro_entidad],[pro_codigo],[pro_nombre],[pro_descripcion],[pro_activado],[pro_fechabaja],[pro_actualizar],[pro_tramostemporales],[pro_deudaencuotas],[pro_formulaimputacion],[pro_unificagastos]) VALUES ('F5D05E8B-A63C-4709-96D2-2EFA355C9440','54AB3649-3B70-4438-B72B-0634FE861545','CABAÑAS-GRAL','CABAÑAS-GRAL',	'PRODUCTO GENERAL DE ENTIDAD CABAÑAS',1, '1753-01-01 00:00:00.000',0,1,0,'G100:H20:C100:I100',0);
INSERT INTO [Producto] ([pro_id],[pro_entidad],[pro_codigo],[pro_nombre],[pro_descripcion],[pro_activado],[pro_fechabaja],[pro_actualizar],[pro_tramostemporales],[pro_deudaencuotas],[pro_formulaimputacion],[pro_unificagastos]) VALUES ('1D9FDA2B-C417-455D-8311-5713C832650E','535CFF2C-3858-4529-8DF5-6AC5985AA58E','HARDMICRO-GRAL','HARDMICRO-GRAL',	'PRODUCTO GENERAL DE ENTIDAD NEW HARD MICRO SRL',1, '1753-01-01 00:00:00.000',0,1,0,'G100:H20:C100:I100',0);

INSERT INTO [tramo] ([tra_id],[tra_producto],[tra_nombre],[tra_limite],[tra_punitorio],[tra_honorario],[tra_fechabaja]) 
SELECT NEWID(), [pro_id], 'GENERAL', 9999, (3*12/365), 20, '1753-01-01 00:00:00.000'  
  FROM [producto] WHERE [pro_id] IN ('9B0F1C76-4020-4004-B4E1-FD8BC6C70FAD','F5D05E8B-A63C-4709-96D2-2EFA355C9440','1D9FDA2B-C417-455D-8311-5713C832650E');
INSERT INTO [tramo] ([tra_id],[tra_producto],[tra_nombre],[tra_limite],[tra_punitorio],[tra_honorario],[tra_fechabaja])
SELECT NEWID(), [pro_id], 'LEGAL', 9999, (3*12/365), 20, '1753-01-01 00:00:00.000'  
  FROM [producto] WHERE [pro_id] IN ('9B0F1C76-4020-4004-B4E1-FD8BC6C70FAD','F5D05E8B-A63C-4709-96D2-2EFA355C9440','1D9FDA2B-C417-455D-8311-5713C832650E');

INSERT INTO [sgmpro].[dbo].[Cuenta]([cta_id],[cta_entidad],[cta_producto],[cta_codigo],[cta_descripcion],[cta_titular],[cta_garante],[cta_estado],[cta_expediente],[cta_legales],[cta_activada],[cta_vigencia],[cta_listaasignada],[cta_convenioactivo],[cta_fechaelegible],[cta_fechaalta],[cta_fechaasignacion],[cta_fechabaja])VALUES('593094FC-F892-453D-8F73-092F684127DE','38EC1F79-D270-4518-8C58-C39940F67D4E',(select convert(varchar(38),pro_id) from producto where pro_entidad = '38EC1F79-D270-4518-8C58-C39940F67D4E'),'.','.','97D16B9E-1956-4ABA-B560-057866689857',null,'DA61D14D-EA51-4450-A104-764D4B7D001F','',null,1,0,null,null,'1753-01-01','2010-08-11','2010-08-11',null);
INSERT INTO [sgmpro].[dbo].[Cuenta]([cta_id],[cta_entidad],[cta_producto],[cta_codigo],[cta_descripcion],[cta_titular],[cta_garante],[cta_estado],[cta_expediente],[cta_legales],[cta_activada],[cta_vigencia],[cta_listaasignada],[cta_convenioactivo],[cta_fechaelegible],[cta_fechaalta],[cta_fechaasignacion],[cta_fechabaja])VALUES('09A8445C-179E-40F6-B52B-49697BF418D6','A3775B33-965B-422A-A52F-60A4AFA0C5CB',(select convert(varchar(38),pro_id) from producto where pro_entidad = 'A3775B33-965B-422A-A52F-60A4AFA0C5CB'),'1','.','87E60398-CD93-4ADA-A2DC-54E3CC70D0AE',null,'A5471105-DCC3-4188-A1E6-45D7579FCBCA','16872/09',null,1,0,null,null,'1753-01-01','2010-10-25','2010-10-25',null);
INSERT INTO [sgmpro].[dbo].[Cuenta]([cta_id],[cta_entidad],[cta_producto],[cta_codigo],[cta_descripcion],[cta_titular],[cta_garante],[cta_estado],[cta_expediente],[cta_legales],[cta_activada],[cta_vigencia],[cta_listaasignada],[cta_convenioactivo],[cta_fechaelegible],[cta_fechaalta],[cta_fechaasignacion],[cta_fechabaja])VALUES('4288CCB9-BC1A-40E9-8DB5-552795B0B393','A3775B33-965B-422A-A52F-60A4AFA0C5CB',(select convert(varchar(38),pro_id) from producto where pro_entidad = 'A3775B33-965B-422A-A52F-60A4AFA0C5CB'),'222','CUENTA DE PRUEBA','F945986F-0704-4F8F-AC63-FAA29CAF2FDF',null,'30FACAD7-7927-4D64-90BB-B3A9D2DC4AB7','',null,1,0,null,null,'2011-04-01','2011-03-31','2011-03-31',null);
INSERT INTO [sgmpro].[dbo].[Cuenta]([cta_id],[cta_entidad],[cta_producto],[cta_codigo],[cta_descripcion],[cta_titular],[cta_garante],[cta_estado],[cta_expediente],[cta_legales],[cta_activada],[cta_vigencia],[cta_listaasignada],[cta_convenioactivo],[cta_fechaelegible],[cta_fechaalta],[cta_fechaasignacion],[cta_fechabaja])VALUES('3BAEF57A-7669-425A-82CE-63906DC1D6D3','54AB3649-3B70-4438-B72B-0634FE861545',(select convert(varchar(38),pro_id) from producto where pro_entidad = '54AB3649-3B70-4438-B72B-0634FE861545'),'1216/03','EXPEDIENTE 1216/03','51788E66-C4B7-48DB-9D71-5E68FD23EB53',null,'F34D252C-A9D5-496A-A182-B57131DF356E','',null,1,0,null,null,'1753-01-01','2011-05-17','2011-05-17',null);
INSERT INTO [sgmpro].[dbo].[Cuenta]([cta_id],[cta_entidad],[cta_producto],[cta_codigo],[cta_descripcion],[cta_titular],[cta_garante],[cta_estado],[cta_expediente],[cta_legales],[cta_activada],[cta_vigencia],[cta_listaasignada],[cta_convenioactivo],[cta_fechaelegible],[cta_fechaalta],[cta_fechaasignacion],[cta_fechabaja])VALUES('38D292F7-525B-4B56-B919-70DADDBD63E3','54AB3649-3B70-4438-B72B-0634FE861545',(select convert(varchar(38),pro_id) from producto where pro_entidad = '54AB3649-3B70-4438-B72B-0634FE861545'),'.','.','B826B9DC-F064-4D88-A4CA-5038C11C2068',null,'F34D252C-A9D5-496A-A182-B57131DF356E','',null,1,0,null,null,'1753-01-01','2011-03-30','2011-03-30',null);
INSERT INTO [sgmpro].[dbo].[Cuenta]([cta_id],[cta_entidad],[cta_producto],[cta_codigo],[cta_descripcion],[cta_titular],[cta_garante],[cta_estado],[cta_expediente],[cta_legales],[cta_activada],[cta_vigencia],[cta_listaasignada],[cta_convenioactivo],[cta_fechaelegible],[cta_fechaalta],[cta_fechaasignacion],[cta_fechabaja])VALUES('67EEAAEE-8EF5-4C13-A431-7868619F4780','54AB3649-3B70-4438-B72B-0634FE861545',(select convert(varchar(38),pro_id) from producto where pro_entidad = '54AB3649-3B70-4438-B72B-0634FE861545'),'1','.','59E3B812-8856-44FB-B567-8BCE9BF79B90',null,'F34D252C-A9D5-496A-A182-B57131DF356E','',null,1,0,null,null,'1753-01-01','2010-12-13','2010-12-13',null);
INSERT INTO [sgmpro].[dbo].[Cuenta]([cta_id],[cta_entidad],[cta_producto],[cta_codigo],[cta_descripcion],[cta_titular],[cta_garante],[cta_estado],[cta_expediente],[cta_legales],[cta_activada],[cta_vigencia],[cta_listaasignada],[cta_convenioactivo],[cta_fechaelegible],[cta_fechaalta],[cta_fechaasignacion],[cta_fechabaja])VALUES('29E1B90B-7BBB-4937-ADEE-F30E0D89E695','54AB3649-3B70-4438-B72B-0634FE861545',(select convert(varchar(38),pro_id) from producto where pro_entidad = '54AB3649-3B70-4438-B72B-0634FE861545'),'17937600','1225/03','9487C5ED-D430-4B4F-B00B-028D42058D85',null,'F34D252C-A9D5-496A-A182-B57131DF356E','1225/03',null,1,0,null,null,'1753-01-01','2011-07-15','2011-07-15',null);

INSERT INTO [sgmpro].[dbo].[Deuda]([deu_id],[deu_fechavto],[deu_concepto],[deu_detalle],[deu_descripcion],[deu_estado],[deu_capital],[deu_interes],[deu_honorarios],[deu_gastos],[deu_informada],[deu_cuenta],[deu_convenio],[deu_cuota],[deu_fechaalta],[deu_fechabaja],[deu_capitalo],[deu_intereso],[deu_honoro],[deu_gastoso])VALUES('BEFEA1A3-C450-4C60-9962-6470EFAEBFEF','2010-08-13','EC6192CB-9049-447E-8676-014194079B2D','2C45F292-BB31-41C7-800E-EDBF49FAE184','.','CB1BE5FE-566D-4857-A4D2-135A87498AF4',60000,14760,0,0,1,'593094FC-F892-453D-8F73-092F684127DE',null,0,'2010-08-13','1753-01-01',60000,14760,0,0);
INSERT INTO [sgmpro].[dbo].[Deuda]([deu_id],[deu_fechavto],[deu_concepto],[deu_detalle],[deu_descripcion],[deu_estado],[deu_capital],[deu_interes],[deu_honorarios],[deu_gastos],[deu_informada],[deu_cuenta],[deu_convenio],[deu_cuota],[deu_fechaalta],[deu_fechabaja],[deu_capitalo],[deu_intereso],[deu_honoro],[deu_gastoso])VALUES('C8A31B73-5F12-4B94-B482-6CE03CC4BFA5','2011-06-30','F37C7FE8-6D14-443C-A551-0FE2CE79B36A','CEAB8745-2F88-40D9-9DA1-A894DC3E998D','GASTOS DE DILIGENCIAS ','D2CD0030-0EE5-4671-9D04-9635D864D7FB',0,0,0,150,0,'09A8445C-179E-40F6-B52B-49697BF418D6',null,0,'2011-06-30','1753-01-01',0,0,0,150);
INSERT INTO [sgmpro].[dbo].[Deuda]([deu_id],[deu_fechavto],[deu_concepto],[deu_detalle],[deu_descripcion],[deu_estado],[deu_capital],[deu_interes],[deu_honorarios],[deu_gastos],[deu_informada],[deu_cuenta],[deu_convenio],[deu_cuota],[deu_fechaalta],[deu_fechabaja],[deu_capitalo],[deu_intereso],[deu_honoro],[deu_gastoso])VALUES('09C9F1F3-B152-44DE-AD42-C319C632FE85','2011-06-30','EC6192CB-9049-447E-8676-014194079B2D','D997BC1F-E858-436E-83C5-F8C7F3AFB981','ACUERDO ','BFF726E1-A06E-4B6B-90CC-AAB178C7D2FA',0,1578.7,1851.3,174.5,0,'09A8445C-179E-40F6-B52B-49697BF418D6',null,0,'2011-06-30','1753-01-01',0,1578.7,1851.3,174.5);
INSERT INTO [sgmpro].[dbo].[Deuda]([deu_id],[deu_fechavto],[deu_concepto],[deu_detalle],[deu_descripcion],[deu_estado],[deu_capital],[deu_interes],[deu_honorarios],[deu_gastos],[deu_informada],[deu_cuenta],[deu_convenio],[deu_cuota],[deu_fechaalta],[deu_fechabaja],[deu_capitalo],[deu_intereso],[deu_honoro],[deu_gastoso])VALUES('65A9BBFF-CD1E-4B64-8F10-D91DC9BABF51','2010-10-25','EC6192CB-9049-447E-8676-014194079B2D','2C45F292-BB31-41C7-800E-EDBF49FAE184','.','D2CD0030-0EE5-4671-9D04-9635D864D7FB',5815,0,0,0,1,'09A8445C-179E-40F6-B52B-49697BF418D6',null,0,'2010-10-25','1753-01-01',5815,0,0,0);
INSERT INTO [sgmpro].[dbo].[Deuda]([deu_id],[deu_fechavto],[deu_concepto],[deu_detalle],[deu_descripcion],[deu_estado],[deu_capital],[deu_interes],[deu_honorarios],[deu_gastos],[deu_informada],[deu_cuenta],[deu_convenio],[deu_cuota],[deu_fechaalta],[deu_fechabaja],[deu_capitalo],[deu_intereso],[deu_honoro],[deu_gastoso])VALUES('F9481941-4D03-4DDD-8FA3-C7BA6AA9967D','2011-03-31','EC6192CB-9049-447E-8676-014194079B2D','148E7160-B86B-441E-8544-0382965080B0','.','CB1BE5FE-566D-4857-A4D2-135A87498AF4',1000,500,350,100,1,'4288CCB9-BC1A-40E9-8DB5-552795B0B393',null,0,'2011-03-31','1753-01-01',1000,500,350,100);
INSERT INTO [sgmpro].[dbo].[Deuda]([deu_id],[deu_fechavto],[deu_concepto],[deu_detalle],[deu_descripcion],[deu_estado],[deu_capital],[deu_interes],[deu_honorarios],[deu_gastos],[deu_informada],[deu_cuenta],[deu_convenio],[deu_cuota],[deu_fechaalta],[deu_fechabaja],[deu_capitalo],[deu_intereso],[deu_honoro],[deu_gastoso])VALUES('6B365FF4-16B5-41CA-A835-B38F3992F415','2011-05-17','EC6192CB-9049-447E-8676-014194079B2D','D997BC1F-E858-436E-83C5-F8C7F3AFB981','-','D2CD0030-0EE5-4671-9D04-9635D864D7FB',155,45,0,0,1,'3BAEF57A-7669-425A-82CE-63906DC1D6D3',null,0,'2011-05-17','1753-01-01',155,45,0,0);
INSERT INTO [sgmpro].[dbo].[Deuda]([deu_id],[deu_fechavto],[deu_concepto],[deu_detalle],[deu_descripcion],[deu_estado],[deu_capital],[deu_interes],[deu_honorarios],[deu_gastos],[deu_informada],[deu_cuenta],[deu_convenio],[deu_cuota],[deu_fechaalta],[deu_fechabaja],[deu_capitalo],[deu_intereso],[deu_honoro],[deu_gastoso])VALUES('76AA6F3D-D197-49C8-BE97-06B3142CEB1C','2011-03-30','EC6192CB-9049-447E-8676-014194079B2D','148E7160-B86B-441E-8544-0382965080B0','CAPITAL','BFF726E1-A06E-4B6B-90CC-AAB178C7D2FA',2468.95,0,0,0,1,'38D292F7-525B-4B56-B919-70DADDBD63E3',null,0,'2011-03-30','1753-01-01',2468.95,0,0,0);
INSERT INTO [sgmpro].[dbo].[Deuda]([deu_id],[deu_fechavto],[deu_concepto],[deu_detalle],[deu_descripcion],[deu_estado],[deu_capital],[deu_interes],[deu_honorarios],[deu_gastos],[deu_informada],[deu_cuenta],[deu_convenio],[deu_cuota],[deu_fechaalta],[deu_fechabaja],[deu_capitalo],[deu_intereso],[deu_honoro],[deu_gastoso])VALUES('98802000-52D5-44DC-B92C-986D3E3083FF','2010-12-13','EC6192CB-9049-447E-8676-014194079B2D','2C45F292-BB31-41C7-800E-EDBF49FAE184','CAPITAL Y COSTAS','D2CD0030-0EE5-4671-9D04-9635D864D7FB',585,0,0,0,1,'67EEAAEE-8EF5-4C13-A431-7868619F4780',null,0,'2010-12-13','1753-01-01',585,0,0,0);
INSERT INTO [sgmpro].[dbo].[Deuda]([deu_id],[deu_fechavto],[deu_concepto],[deu_detalle],[deu_descripcion],[deu_estado],[deu_capital],[deu_interes],[deu_honorarios],[deu_gastos],[deu_informada],[deu_cuenta],[deu_convenio],[deu_cuota],[deu_fechaalta],[deu_fechabaja],[deu_capitalo],[deu_intereso],[deu_honoro],[deu_gastoso])VALUES('08859100-5FD0-462E-B3AC-FA1658E21FF8','2011-07-15','EC6192CB-9049-447E-8676-014194079B2D','D997BC1F-E858-436E-83C5-F8C7F3AFB981','.','D2CD0030-0EE5-4671-9D04-9635D864D7FB',182,0,0,0,1,'29E1B90B-7BBB-4937-ADEE-F30E0D89E695',null,0,'2011-07-15','1753-01-01',182,0,0,0);

INSERT INTO [sgmpro].[dbo].[Pago]([pag_id],[pag_fecha],[pag_tipo],[pag_estado],[pag_descripcion],[pag_capital],[pag_interes],[pag_honorarios],[pag_gastos],[pag_formapago],[pag_cuenta],[pag_fechaumod],[pag_fechabaja])VALUES('21CD31E1-12FC-45AB-A15A-019E09832B0C','2011-07-15 10:52:06.000','689642A6-8A76-45A1-8A31-7285CACCACF4','8A8C7C82-1EEA-487D-8AFE-D75B0EAA1E98','DEPOSITO  JUDICIAL ',182,0,0,0,'3F69819D-BEC5-473C-9DA8-2C6C9D7BF73F','29E1B90B-7BBB-4937-ADEE-F30E0D89E695','2011-07-15 10:52:46.000','1753-01-01 00:00:00.000',);
INSERT INTO [sgmpro].[dbo].[Pago]([pag_id],[pag_fecha],[pag_tipo],[pag_estado],[pag_descripcion],[pag_capital],[pag_interes],[pag_honorarios],[pag_gastos],[pag_formapago],[pag_cuenta],[pag_fechaumod],[pag_fechabaja])VALUES('EA836D2F-7F35-41D7-9657-02440F112C5F','2010-10-25 20:24:01.000','A2FDBFB9-A258-42B2-8856-076536527732','8A8C7C82-1EEA-487D-8AFE-D75B0EAA1E98','PAGO CAPITAL',5815,0,0,0,'A37E987D-807C-4DB4-A5AB-68EFB7585F6C','09A8445C-179E-40F6-B52B-49697BF418D6','2010-10-25 20:24:30.000','1753-01-01 00:00:00.000',);
INSERT INTO [sgmpro].[dbo].[Pago]([pag_id],[pag_fecha],[pag_tipo],[pag_estado],[pag_descripcion],[pag_capital],[pag_interes],[pag_honorarios],[pag_gastos],[pag_formapago],[pag_cuenta],[pag_fechaumod],[pag_fechabaja])VALUES('F11E40B7-04E9-4C52-9580-1BD1DE1D751F','2011-07-22 17:41:43.000','E50E3ADF-1525-49F2-9DBD-28A0C0B833AE','8A8C7C82-1EEA-487D-8AFE-D75B0EAA1E98','2 DE 4 ',0,0,764,0,'A37E987D-807C-4DB4-A5AB-68EFB7585F6C','09A8445C-179E-40F6-B52B-49697BF418D6','2011-07-22 17:43:04.000','1753-01-01 00:00:00.000',);
INSERT INTO [sgmpro].[dbo].[Pago]([pag_id],[pag_fecha],[pag_tipo],[pag_estado],[pag_descripcion],[pag_capital],[pag_interes],[pag_honorarios],[pag_gastos],[pag_formapago],[pag_cuenta],[pag_fechaumod],[pag_fechabaja])VALUES('40172253-852E-43BC-A70E-1E2C16B05A48','2010-12-13 11:00:53.000','689642A6-8A76-45A1-8A31-7285CACCACF4','8A8C7C82-1EEA-487D-8AFE-D75B0EAA1E98','.',585,0,0,0,'3F69819D-BEC5-473C-9DA8-2C6C9D7BF73F','67EEAAEE-8EF5-4C13-A431-7868619F4780','2010-12-13 11:01:03.000','1753-01-01 00:00:00.000',);
INSERT INTO [sgmpro].[dbo].[Pago]([pag_id],[pag_fecha],[pag_tipo],[pag_estado],[pag_descripcion],[pag_capital],[pag_interes],[pag_honorarios],[pag_gastos],[pag_formapago],[pag_cuenta],[pag_fechaumod],[pag_fechabaja])VALUES('C8A92E94-9AAE-4B32-9A49-1F558AE45B21','2011-03-30 08:54:29.000','689642A6-8A76-45A1-8A31-7285CACCACF4','8A8C7C82-1EEA-487D-8AFE-D75B0EAA1E98','.',296.71,0,0,0,'3F69819D-BEC5-473C-9DA8-2C6C9D7BF73F','38D292F7-525B-4B56-B919-70DADDBD63E3','2011-03-30 08:55:45.000','1753-01-01 00:00:00.000',);
INSERT INTO [sgmpro].[dbo].[Pago]([pag_id],[pag_fecha],[pag_tipo],[pag_estado],[pag_descripcion],[pag_capital],[pag_interes],[pag_honorarios],[pag_gastos],[pag_formapago],[pag_cuenta],[pag_fechaumod],[pag_fechabaja])VALUES('7AB6C3D1-E482-44AA-A2DE-2A338F124FC0','2011-07-01 11:37:16.000','E50E3ADF-1525-49F2-9DBD-28A0C0B833AE','8A8C7C82-1EEA-487D-8AFE-D75B0EAA1E98','-',0,0,788.5,0,'A37E987D-807C-4DB4-A5AB-68EFB7585F6C','09A8445C-179E-40F6-B52B-49697BF418D6','2011-07-01 11:38:10.000','1753-01-01 00:00:00.000',);
INSERT INTO [sgmpro].[dbo].[Pago]([pag_id],[pag_fecha],[pag_tipo],[pag_estado],[pag_descripcion],[pag_capital],[pag_interes],[pag_honorarios],[pag_gastos],[pag_formapago],[pag_cuenta],[pag_fechaumod],[pag_fechabaja])VALUES('E0914286-CE58-4D72-BD75-34ED8972ECDF','2011-07-01 11:35:15.000','CFA3B737-7DAB-44E5-8AC0-A56FE3B0238E','8A8C7C82-1EEA-487D-8AFE-D75B0EAA1E98','-',0,0,0,150,'3B20BB73-E986-487D-8B25-A732AF8EE7B8','09A8445C-179E-40F6-B52B-49697BF418D6','2011-07-01 11:36:31.000','1753-01-01 00:00:00.000',);
INSERT INTO [sgmpro].[dbo].[Pago]([pag_id],[pag_fecha],[pag_tipo],[pag_estado],[pag_descripcion],[pag_capital],[pag_interes],[pag_honorarios],[pag_gastos],[pag_formapago],[pag_cuenta],[pag_fechaumod],[pag_fechabaja])VALUES('0CE587C3-BA77-4177-B24C-94185D42CBF7','2011-07-22 17:41:43.000','CFA3B737-7DAB-44E5-8AC0-A56FE3B0238E','8A8C7C82-1EEA-487D-8AFE-D75B0EAA1E98','2 DE 4 ',0,0,0,174.5,'A37E987D-807C-4DB4-A5AB-68EFB7585F6C','09A8445C-179E-40F6-B52B-49697BF418D6','2011-07-22 17:43:04.000','1753-01-01 00:00:00.000',);
INSERT INTO [sgmpro].[dbo].[Pago]([pag_id],[pag_fecha],[pag_tipo],[pag_estado],[pag_descripcion],[pag_capital],[pag_interes],[pag_honorarios],[pag_gastos],[pag_formapago],[pag_cuenta],[pag_fechaumod],[pag_fechabaja])VALUES('D164B82B-6CB3-4E0E-813B-F62DD2AAC6B8','2011-05-17 09:34:48.000','F9EFBB1A-5CE6-4936-887A-AD05218B2A2D','8A8C7C82-1EEA-487D-8AFE-D75B0EAA1E98','OP JUDICIAL $ 200 ... NATALIA ',155,45,0,0,'A37E987D-807C-4DB4-A5AB-68EFB7585F6C','3BAEF57A-7669-425A-82CE-63906DC1D6D3','2011-05-17 09:36:43.000','1753-01-01 00:00:00.000',);

INSERT INTO [sgmpro].[dbo].[Imputacion]([imp_id],[imp_pago],[imp_deuda],[imp_capital],[imp_interes],[imp_honorarios],[imp_gastos],[imp_fecha],[imp_fechabaja])VALUES('104DF1A5-8AA9-40E4-8A4C-E14A0452AED9','C8A92E94-9AAE-4B32-9A49-1F558AE45B21','76AA6F3D-D197-49C8-BE97-06B3142CEB1C',296.71,0,0,0,'2011-03-30','1753-01-01 00:00:00.000',);
INSERT INTO [sgmpro].[dbo].[Imputacion]([imp_id],[imp_pago],[imp_deuda],[imp_capital],[imp_interes],[imp_honorarios],[imp_gastos],[imp_fecha],[imp_fechabaja])VALUES('CB958863-DCE8-4C34-9FDB-1E038EB61F01','E0914286-CE58-4D72-BD75-34ED8972ECDF','C8A31B73-5F12-4B94-B482-6CE03CC4BFA5',0,0,0,150,'2011-07-01','1753-01-01 00:00:00.000',);
INSERT INTO [sgmpro].[dbo].[Imputacion]([imp_id],[imp_pago],[imp_deuda],[imp_capital],[imp_interes],[imp_honorarios],[imp_gastos],[imp_fecha],[imp_fechabaja])VALUES('7053B272-0908-45F3-8B63-C04D38A3AF0F','40172253-852E-43BC-A70E-1E2C16B05A48','98802000-52D5-44DC-B92C-986D3E3083FF',585,0,0,0,'2010-12-13','1753-01-01 00:00:00.000',);
INSERT INTO [sgmpro].[dbo].[Imputacion]([imp_id],[imp_pago],[imp_deuda],[imp_capital],[imp_interes],[imp_honorarios],[imp_gastos],[imp_fecha],[imp_fechabaja])VALUES('904A3477-0E33-4AC7-967E-3C22A06A32AE','D164B82B-6CB3-4E0E-813B-F62DD2AAC6B8','6B365FF4-16B5-41CA-A835-B38F3992F415',155,45,0,0,'2011-05-17','1753-01-01 00:00:00.000',);
INSERT INTO [sgmpro].[dbo].[Imputacion]([imp_id],[imp_pago],[imp_deuda],[imp_capital],[imp_interes],[imp_honorarios],[imp_gastos],[imp_fecha],[imp_fechabaja])VALUES('3FBD9681-4B97-4749-BA48-0890027B0EF8','0CE587C3-BA77-4177-B24C-94185D42CBF7','09C9F1F3-B152-44DE-AD42-C319C632FE85',0,0,0,174.5,'2011-07-22','1753-01-01 00:00:00.000',);
INSERT INTO [sgmpro].[dbo].[Imputacion]([imp_id],[imp_pago],[imp_deuda],[imp_capital],[imp_interes],[imp_honorarios],[imp_gastos],[imp_fecha],[imp_fechabaja])VALUES('E5EDC4F6-E07B-4109-8FE1-8433D3AF6D52','F11E40B7-04E9-4C52-9580-1BD1DE1D751F','09C9F1F3-B152-44DE-AD42-C319C632FE85',0,0,764,0,'2011-07-22','1753-01-01 00:00:00.000',);
INSERT INTO [sgmpro].[dbo].[Imputacion]([imp_id],[imp_pago],[imp_deuda],[imp_capital],[imp_interes],[imp_honorarios],[imp_gastos],[imp_fecha],[imp_fechabaja])VALUES('521F7937-EECC-442E-8E49-8E4779C13452','7AB6C3D1-E482-44AA-A2DE-2A338F124FC0','09C9F1F3-B152-44DE-AD42-C319C632FE85',0,0,788.5,0,'2011-07-01','1753-01-01 00:00:00.000',);
INSERT INTO [sgmpro].[dbo].[Imputacion]([imp_id],[imp_pago],[imp_deuda],[imp_capital],[imp_interes],[imp_honorarios],[imp_gastos],[imp_fecha],[imp_fechabaja])VALUES('2D4A12FA-F76C-46D1-A471-08944E3E1C95','EA836D2F-7F35-41D7-9657-02440F112C5F','65A9BBFF-CD1E-4B64-8F10-D91DC9BABF51',5815,0,0,0,'2010-10-25','1753-01-01 00:00:00.000',);
INSERT INTO [sgmpro].[dbo].[Imputacion]([imp_id],[imp_pago],[imp_deuda],[imp_capital],[imp_interes],[imp_honorarios],[imp_gastos],[imp_fecha],[imp_fechabaja])VALUES('8939C33F-D25C-4859-B097-563451192836','21CD31E1-12FC-45AB-A15A-019E09832B0C','08859100-5FD0-462E-B3AC-FA1658E21FF8',182,0,0,0,'2011-07-15','1753-01-01 00:00:00.000',);

INSERT INTO [sgmpro].[dbo].[Recibo]([rec_id],[rec_tipo],[rec_concepto],[rec_numero],[rec_importe],[rec_descripcion],[rec_fecha],[rec_pago],[rec_fechabaja])VALUES('A3AE6A31-2627-4AB2-8AEC-1761B32D1164','B8525B70-3A87-47F9-B59E-5375AB3A1A6F','F37C7FE8-6D14-443C-A551-0FE2CE79B36A',31085,174.5,'2 DE 4 ','2011-07-22 17:41:43.000','0CE587C3-BA77-4177-B24C-94185D42CBF7','1753-01-01 00:00:00.000',);
INSERT INTO [sgmpro].[dbo].[Recibo]([rec_id],[rec_tipo],[rec_concepto],[rec_numero],[rec_importe],[rec_descripcion],[rec_fecha],[rec_pago],[rec_fechabaja])VALUES('AF4A7062-1E46-4E03-8FD6-A5993240CC40','15ABE6A7-B2A0-4C7F-9F8B-DD2F4AC145B5','BFCDD0AE-DB28-4E53-ABD1-0A6BC416DE95',8480,788.5,'-','2011-07-01 11:37:16.000','7AB6C3D1-E482-44AA-A2DE-2A338F124FC0','1753-01-01 00:00:00.000',);
INSERT INTO [sgmpro].[dbo].[Recibo]([rec_id],[rec_tipo],[rec_concepto],[rec_numero],[rec_importe],[rec_descripcion],[rec_fecha],[rec_pago],[rec_fechabaja])VALUES('5EFE60C1-9CBA-46E1-A56A-CC12C363766D','15ABE6A7-B2A0-4C7F-9F8B-DD2F4AC145B5','BFCDD0AE-DB28-4E53-ABD1-0A6BC416DE95',8967,764,'2 DE 4 ','2011-07-22 17:41:43.000','F11E40B7-04E9-4C52-9580-1BD1DE1D751F','1753-01-01 00:00:00.000',);
INSERT INTO [sgmpro].[dbo].[Recibo]([rec_id],[rec_tipo],[rec_concepto],[rec_numero],[rec_importe],[rec_descripcion],[rec_fecha],[rec_pago],[rec_fechabaja])VALUES('7863A287-0518-442E-8F26-E46276116494','B8525B70-3A87-47F9-B59E-5375AB3A1A6F','F37C7FE8-6D14-443C-A551-0FE2CE79B36A',30915,150,'-','2011-07-01 11:35:15.000','E0914286-CE58-4D72-BD75-34ED8972ECDF','1753-01-01 00:00:00.000',);